{
    "fit_level": "finished",
    "time_controller": {
        "total_time_limit": 3600,
        "model_time_limit": null,
        "steps": [
            "simple_algorithms",
            "default_algorithms",
            "ensemble"
        ],
        "algorithms": [
            "Baseline",
            "Linear",
            "Decision Tree",
            "Random Forest",
            "Xgboost",
            "Neural Network"
        ],
        "spend": [
            {
                "model_name": "prepare_data",
                "model_type": "prepare_data",
                "fit_level": "prepare_data",
                "train_time": 1.9682903289794922
            },
            {
                "model_name": "1_Baseline",
                "model_type": "Baseline",
                "fit_level": "simple_algorithms",
                "train_time": 0.43215274810791016
            },
            {
                "model_name": "2_DecisionTree",
                "model_type": "Decision Tree",
                "fit_level": "simple_algorithms",
                "train_time": 4.018054723739624
            },
            {
                "model_name": "3_Linear",
                "model_type": "Linear",
                "fit_level": "simple_algorithms",
                "train_time": 2.6154425144195557
            },
            {
                "model_name": "4_Default_Xgboost",
                "model_type": "Xgboost",
                "fit_level": "default_algorithms",
                "train_time": 1.3846349716186523
            },
            {
                "model_name": "5_Default_NeuralNetwork",
                "model_type": "Neural Network",
                "fit_level": "default_algorithms",
                "train_time": 0.710446834564209
            },
            {
                "model_name": "6_Default_RandomForest",
                "model_type": "Random Forest",
                "fit_level": "default_algorithms",
                "train_time": 4.154751300811768
            },
            {
                "model_name": "Ensemble",
                "model_type": "Ensemble",
                "fit_level": "ensemble",
                "train_time": 0.45688438415527344
            }
        ],
        "is_hill_climbing": false,
        "is_stacking": false
    },
    "all_params": {
        "simple_algorithms": [
            {
                "additional": {
                    "max_steps": 1,
                    "max_rows_limit": null,
                    "max_cols_limit": null
                },
                "preprocessing": {
                    "columns_preprocessing": {
                        "Cabin": [
                            "remove_column"
                        ]
                    },
                    "target_preprocessing": [
                        "na_exclude"
                    ],
                    "ml_task": "binary_classification"
                },
                "validation_strategy": {
                    "validation_type": "split",
                    "train_ratio": 0.75,
                    "shuffle": true,
                    "stratify": true,
                    "X_path": "AutoML_titanic/X.data",
                    "y_path": "AutoML_titanic/y.data",
                    "results_path": "AutoML_titanic"
                },
                "learner": {
                    "model_type": "Baseline",
                    "ml_task": "binary_classification",
                    "n_jobs": -1,
                    "seed": 1235,
                    "explain_level": 2
                },
                "automl_random_state": 1234,
                "ml_task": "binary_classification",
                "explain_level": 2,
                "name": "1_Baseline",
                "status": "trained",
                "final_loss": 0.6931471805599453,
                "train_time": 1.4230411052703857,
                "data_type": "original",
                "max_time_for_learner": 360.0
            },
            {
                "additional": {
                    "trees_in_step": 1,
                    "train_cant_improve_limit": 0,
                    "max_steps": 1,
                    "max_rows_limit": null,
                    "max_cols_limit": null
                },
                "preprocessing": {
                    "columns_preprocessing": {
                        "Name": [
                            "categorical_to_int"
                        ],
                        "Sex": [
                            "categorical_to_int"
                        ],
                        "Age": [
                            "na_fill_median"
                        ],
                        "Ticket": [
                            "categorical_to_int"
                        ],
                        "Cabin": [
                            "remove_column"
                        ],
                        "Embarked": [
                            "categorical_to_int"
                        ]
                    },
                    "target_preprocessing": [
                        "na_exclude"
                    ],
                    "ml_task": "binary_classification"
                },
                "validation_strategy": {
                    "validation_type": "split",
                    "train_ratio": 0.75,
                    "shuffle": true,
                    "stratify": true,
                    "X_path": "AutoML_titanic/X.data",
                    "y_path": "AutoML_titanic/y.data",
                    "results_path": "AutoML_titanic"
                },
                "learner": {
                    "model_type": "Decision Tree",
                    "ml_task": "binary_classification",
                    "n_jobs": -1,
                    "seed": 1235,
                    "criterion": "gini",
                    "max_depth": 3,
                    "explain_level": 2
                },
                "automl_random_state": 1234,
                "ml_task": "binary_classification",
                "explain_level": 2,
                "name": "2_DecisionTree",
                "status": "trained",
                "final_loss": 1.000000500029089e-06,
                "train_time": 5.059277296066284,
                "data_type": "original",
                "max_time_for_learner": 360.0
            },
            {
                "additional": {
                    "max_steps": 1,
                    "max_rows_limit": null,
                    "max_cols_limit": null
                },
                "preprocessing": {
                    "columns_preprocessing": {
                        "Pclass": [
                            "scale_normal"
                        ],
                        "Name": [
                            "categorical_to_int",
                            "scale_normal"
                        ],
                        "Sex": [
                            "categorical_to_int",
                            "scale_normal"
                        ],
                        "Age": [
                            "na_fill_median",
                            "scale_normal"
                        ],
                        "Ticket": [
                            "categorical_to_int",
                            "scale_normal"
                        ],
                        "Fare": [
                            "scale_normal"
                        ],
                        "Cabin": [
                            "remove_column"
                        ],
                        "Embarked": [
                            "categorical_to_int",
                            "scale_normal"
                        ]
                    },
                    "target_preprocessing": [
                        "na_exclude"
                    ],
                    "ml_task": "binary_classification"
                },
                "validation_strategy": {
                    "validation_type": "split",
                    "train_ratio": 0.75,
                    "shuffle": true,
                    "stratify": true,
                    "X_path": "AutoML_titanic/X.data",
                    "y_path": "AutoML_titanic/y.data",
                    "results_path": "AutoML_titanic"
                },
                "learner": {
                    "model_type": "Linear",
                    "ml_task": "binary_classification",
                    "n_jobs": -1,
                    "seed": 1235,
                    "explain_level": 2
                },
                "automl_random_state": 1234,
                "ml_task": "binary_classification",
                "explain_level": 2,
                "name": "3_Linear",
                "status": "trained",
                "final_loss": 0.399134336074425,
                "train_time": 3.8115363121032715,
                "data_type": "original",
                "max_time_for_learner": 360.0
            }
        ],
        "default_algorithms": [
            {
                "additional": {
                    "max_rounds": 10000,
                    "early_stopping_rounds": 50,
                    "max_rows_limit": null,
                    "max_cols_limit": null
                },
                "preprocessing": {
                    "columns_preprocessing": {
                        "Name": [
                            "categorical_to_int"
                        ],
                        "Sex": [
                            "categorical_to_int"
                        ],
                        "Age": [
                            "na_fill_median"
                        ],
                        "Ticket": [
                            "categorical_to_int"
                        ],
                        "Cabin": [
                            "remove_column"
                        ],
                        "Embarked": [
                            "categorical_to_int"
                        ]
                    },
                    "target_preprocessing": [
                        "na_exclude"
                    ],
                    "ml_task": "binary_classification"
                },
                "validation_strategy": {
                    "validation_type": "split",
                    "train_ratio": 0.75,
                    "shuffle": true,
                    "stratify": true,
                    "X_path": "AutoML_titanic/X.data",
                    "y_path": "AutoML_titanic/y.data",
                    "results_path": "AutoML_titanic"
                },
                "learner": {
                    "model_type": "Xgboost",
                    "ml_task": "binary_classification",
                    "n_jobs": -1,
                    "objective": "binary:logistic",
                    "eta": 0.075,
                    "max_depth": 6,
                    "min_child_weight": 1,
                    "subsample": 1.0,
                    "colsample_bytree": 1.0,
                    "seed": 4,
                    "eval_metric": "logloss",
                    "explain_level": 2
                },
                "automl_random_state": 1234,
                "ml_task": "binary_classification",
                "explain_level": 2,
                "name": "4_Default_Xgboost",
                "status": "trained",
                "final_loss": 0.1932867258787155,
                "train_time": 2.4651238918304443,
                "data_type": "original",
                "max_time_for_learner": 360.0
            },
            {
                "additional": {
                    "max_rows_limit": null,
                    "max_cols_limit": null
                },
                "preprocessing": {
                    "columns_preprocessing": {
                        "Pclass": [
                            "scale_normal"
                        ],
                        "Name": [
                            "categorical_to_int",
                            "scale_normal"
                        ],
                        "Sex": [
                            "categorical_to_int",
                            "scale_normal"
                        ],
                        "Age": [
                            "na_fill_median",
                            "scale_normal"
                        ],
                        "Ticket": [
                            "categorical_to_int",
                            "scale_normal"
                        ],
                        "Fare": [
                            "scale_normal"
                        ],
                        "Cabin": [
                            "remove_column"
                        ],
                        "Embarked": [
                            "categorical_to_int",
                            "scale_normal"
                        ]
                    },
                    "target_preprocessing": [
                        "na_exclude"
                    ],
                    "ml_task": "binary_classification"
                },
                "validation_strategy": {
                    "validation_type": "split",
                    "train_ratio": 0.75,
                    "shuffle": true,
                    "stratify": true,
                    "X_path": "AutoML_titanic/X.data",
                    "y_path": "AutoML_titanic/y.data",
                    "results_path": "AutoML_titanic"
                },
                "learner": {
                    "model_type": "Neural Network",
                    "ml_task": "binary_classification",
                    "n_jobs": -1,
                    "dense_1_size": 32,
                    "dense_2_size": 16,
                    "learning_rate": 0.05,
                    "seed": 5,
                    "explain_level": 2
                },
                "automl_random_state": 1234,
                "ml_task": "binary_classification",
                "explain_level": 2,
                "name": "5_Default_NeuralNetwork",
                "status": "trained",
                "final_loss": 0.013574297539369123,
                "train_time": 1.7860753536224365,
                "data_type": "original",
                "max_time_for_learner": 360.0
            },
            {
                "additional": {
                    "trees_in_step": 100,
                    "train_cant_improve_limit": 1,
                    "min_steps": 1,
                    "max_steps": 50,
                    "early_stopping_rounds": 50,
                    "max_rows_limit": null,
                    "max_cols_limit": null
                },
                "preprocessing": {
                    "columns_preprocessing": {
                        "Name": [
                            "categorical_to_int"
                        ],
                        "Sex": [
                            "categorical_to_int"
                        ],
                        "Age": [
                            "na_fill_median"
                        ],
                        "Ticket": [
                            "categorical_to_int"
                        ],
                        "Cabin": [
                            "remove_column"
                        ],
                        "Embarked": [
                            "categorical_to_int"
                        ]
                    },
                    "target_preprocessing": [
                        "na_exclude"
                    ],
                    "ml_task": "binary_classification"
                },
                "validation_strategy": {
                    "validation_type": "split",
                    "train_ratio": 0.75,
                    "shuffle": true,
                    "stratify": true,
                    "X_path": "AutoML_titanic/X.data",
                    "y_path": "AutoML_titanic/y.data",
                    "results_path": "AutoML_titanic"
                },
                "learner": {
                    "model_type": "Random Forest",
                    "ml_task": "binary_classification",
                    "n_jobs": -1,
                    "criterion": "gini",
                    "max_features": 0.9,
                    "min_samples_split": 30,
                    "max_depth": 4,
                    "seed": 6,
                    "eval_metric_name": "logloss",
                    "explain_level": 2
                },
                "automl_random_state": 1234,
                "ml_task": "binary_classification",
                "explain_level": 2,
                "name": "6_Default_RandomForest",
                "status": "trained",
                "final_loss": 0.6931471805599452,
                "train_time": 5.320940732955933,
                "data_type": "original",
                "max_time_for_learner": 360.0
            }
        ],
        "ensemble": [
            {
                "model_type": "ensemble",
                "is_stacked": false,
                "name": "Ensemble",
                "status": "trained",
                "final_loss": 1.000000500029089e-06,
                "train_time": 0.45688438415527344
            }
        ]
    },
    "adjust_validation": false
}