{
    "uid": "86a2614c-740c-4b9c-bf27-0e0fa6b53e09",
    "name": "1_Baseline",
    "preprocessing": [
        {
            "remove_columns": [
                "Cabin"
            ],
            "ml_task": "binary_classification",
            "params": {
                "columns_preprocessing": {
                    "Cabin": [
                        "remove_column"
                    ]
                },
                "target_preprocessing": [
                    "na_exclude"
                ],
                "ml_task": "binary_classification"
            }
        }
    ],
    "learners": [
        {
            "library_version": "0.24.2",
            "algorithm_name": "Baseline Classifier",
            "algorithm_short_name": "Baseline",
            "uid": "bab81363-29ea-4590-bddf-bafa3a7b6fa7",
            "params": {
                "model_type": "Baseline",
                "ml_task": "binary_classification",
                "n_jobs": -1,
                "seed": 1235,
                "explain_level": 2
            },
            "name": "learner_fold_0"
        }
    ],
    "params": {
        "additional": {
            "max_steps": 1,
            "max_rows_limit": null,
            "max_cols_limit": null
        },
        "preprocessing": {
            "columns_preprocessing": {
                "Cabin": [
                    "remove_column"
                ]
            },
            "target_preprocessing": [
                "na_exclude"
            ],
            "ml_task": "binary_classification"
        },
        "validation_strategy": {
            "validation_type": "split",
            "train_ratio": 0.75,
            "shuffle": true,
            "stratify": true,
            "X_path": "AutoML_titanic/X.data",
            "y_path": "AutoML_titanic/y.data",
            "results_path": "AutoML_titanic"
        },
        "learner": {
            "model_type": "Baseline",
            "ml_task": "binary_classification",
            "n_jobs": -1,
            "seed": 1235,
            "explain_level": 2
        },
        "automl_random_state": 1234,
        "ml_task": "binary_classification",
        "explain_level": 2,
        "name": "1_Baseline",
        "status": "initialized",
        "final_loss": null,
        "train_time": null,
        "data_type": "original",
        "max_time_for_learner": 360.0
    },
    "saved": [
        "1_Baseline/learner_fold_0.baseline"
    ],
    "predictions_fname": "1_Baseline/predictions_validation.csv",
    "metric_name": "logloss",
    "final_loss": 0.6931471805599453,
    "train_time": 0.43215274810791016,
    "is_stacked": false,
    "threshold": 0.45
}